,smiles
0,OP
1,OC
2,ON
3,OS
4,O[C@@H]
5,O[C@H]
6,OF
7,O[N+]
8,O[O-]
9,OCl
10,OI
11,OP(O)(O)
12,OP(=O)(O)O
13,OCC
14,OP(=O)(O)
15,OCC(=O)O
16,OCCNS(=O)(=O)
17,OCCCC
18,OCCN
19,OCc1ccccc1
20,OCCOCC
21,OCC(=O)N
22,OOCC
23,ONC(=O)
24,OC(F)
25,OC(F)(F)
26,OC(F)(F)F
27,OCC(C(=O)O)
28,Oc1ccccn1
29,Oc1ccccc1
30,OCC(O)
31,OC1CCCCC1
32,OC(=O)O
33,OCC(=O)
34,OCC(C)
35,OCCNC(=O)
36,OCCS
37,OCCO
38,O=O
39,OCCCO
40,OC(C(=O)O)
41,OC(C)
42,OC(C)=O
43,O(O)
44,Oc1ccc([N+](=O)[O-])cc1
45,OCN
46,OCCOC(=O)
47,OOCO
48,OCO
49,OS(=O)(=O)
50,Oc2ccccc2
51,OOCCOCC
52,OOC(=O)
53,O/N
54,O=N
55,OCCN(CC)C(=O)
56,OC(=O)N(CC)
57,PC
58,PN
59,PS
60,P[C@@H]
61,P[C@H]
62,PF
63,P[N+]
64,P[O-]
65,PCl
66,PI
67,PP(O)(O)
68,PP(=O)(O)O
69,PCC
70,PP(=O)(O)
71,PCC(=O)O
72,PCCNS(=O)(=O)
73,PCCCC
74,PCCN
75,PCc1ccccc1
76,PCCOCC
77,PCC(=O)N
78,POCC
79,PNC(=O)
80,PC(F)
81,PC(F)(F)
82,PC(F)(F)F
83,PCC(C(=O)O)
84,Pc1ccccn1
85,Pc1ccccc1
86,PCC(O)
87,PC1CCCCC1
88,PC(=O)O
89,PCC(=O)
90,PCC(C)
91,PCCNC(=O)
92,PCCS
93,PCCO
94,P=O
95,PCCCO
96,PC(C(=O)O)
97,PC(C)
98,PC(C)=O
99,P(O)
100,Pc1ccc([N+](=O)[O-])cc1
101,PCN
102,PCCOC(=O)
103,POCO
104,PCO
105,PS(=O)(=O)
106,Pc2ccccc2
107,POCCOCC
108,POC(=O)
109,P/N
110,P=N
111,PCCN(CC)C(=O)
112,PC(=O)N(CC)
113,CN
114,CS
115,C[C@@H]
116,C[C@H]
117,CF
118,C[N+]
119,C[O-]
120,CCl
121,CI
122,CP(O)(O)
123,CP(=O)(O)O
124,CCC
125,CP(=O)(O)
126,CCC(=O)O
127,CCCNS(=O)(=O)
128,CCCCC
129,CCCN
130,CCc1ccccc1
131,CCCOCC
132,CCC(=O)N
133,COCC
134,CNC(=O)
135,CC(F)
136,CC(F)(F)
137,CC(F)(F)F
138,CCC(C(=O)O)
139,Cc1ccccn1
140,Cc1ccccc1
141,CCC(O)
142,CC1CCCCC1
143,CC(=O)O
144,CCC(=O)
145,CCC(C)
146,CCCNC(=O)
147,CCCS
148,CCCO
149,C=O
150,CCCCO
151,CC(C(=O)O)
152,CC(C)
153,CC(C)=O
154,C(O)
155,Cc1ccc([N+](=O)[O-])cc1
156,CCN
157,CCCOC(=O)
158,COCO
159,CCO
160,CS(=O)(=O)
161,Cc2ccccc2
162,COCCOCC
163,COC(=O)
164,C/N
165,C=N
166,CCCN(CC)C(=O)
167,CC(=O)N(CC)
168,NS
169,N[C@@H]
170,N[C@H]
171,NF
172,N[N+]
173,N[O-]
174,NCl
175,NI
176,NP(O)(O)
177,NP(=O)(O)O
178,NCC
179,NP(=O)(O)
180,NCC(=O)O
181,NCCNS(=O)(=O)
182,NCCCC
183,NCCN
184,NCc1ccccc1
185,NCCOCC
186,NCC(=O)N
187,NOCC
188,NNC(=O)
189,NC(F)
190,NC(F)(F)
191,NC(F)(F)F
192,NCC(C(=O)O)
193,Nc1ccccn1
194,Nc1ccccc1
195,NCC(O)
196,NC1CCCCC1
197,NC(=O)O
198,NCC(=O)
199,NCC(C)
200,NCCNC(=O)
201,NCCS
202,NCCO
203,N=O
204,NCCCO
205,NC(C(=O)O)
206,NC(C)
207,NC(C)=O
208,N(O)
209,Nc1ccc([N+](=O)[O-])cc1
210,NCN
211,NCCOC(=O)
212,NOCO
213,NCO
214,NS(=O)(=O)
215,Nc2ccccc2
216,NOCCOCC
217,NOC(=O)
218,N/N
219,N=N
220,NCCN(CC)C(=O)
221,NC(=O)N(CC)
222,S[C@@H]
223,S[C@H]
224,SF
225,S[N+]
226,S[O-]
227,SCl
228,SI
229,SP(O)(O)
230,SP(=O)(O)O
231,SCC
232,SP(=O)(O)
233,SCC(=O)O
234,SCCNS(=O)(=O)
235,SCCCC
236,SCCN
237,SCc1ccccc1
238,SCCOCC
239,SCC(=O)N
240,SOCC
241,SNC(=O)
242,SC(F)
243,SC(F)(F)
244,SC(F)(F)F
245,SCC(C(=O)O)
246,Sc1ccccn1
247,Sc1ccccc1
248,SCC(O)
249,SC1CCCCC1
250,SC(=O)O
251,SCC(=O)
252,SCC(C)
253,SCCNC(=O)
254,SCCS
255,SCCO
256,S=O
257,SCCCO
258,SC(C(=O)O)
259,SC(C)
260,SC(C)=O
261,S(O)
262,Sc1ccc([N+](=O)[O-])cc1
263,SCN
264,SCCOC(=O)
265,SOCO
266,SCO
267,SS(=O)(=O)
268,Sc2ccccc2
269,SOCCOCC
270,SOC(=O)
271,S/N
272,S=N
273,SCCN(CC)C(=O)
274,SC(=O)N(CC)
275,[C@@H][C@H]
276,[C@@H]F
277,[C@@H][N+]
278,[C@@H][O-]
279,[C@@H]Cl
280,[C@@H]I
281,[C@@H]P(O)(O)
282,[C@@H]P(=O)(O)O
283,[C@@H]CC
284,[C@@H]P(=O)(O)
285,[C@@H]CC(=O)O
286,[C@@H]CCNS(=O)(=O)
287,[C@@H]CCCC
288,[C@@H]CCN
289,[C@@H]Cc1ccccc1
290,[C@@H]CCOCC
291,[C@@H]CC(=O)N
292,[C@@H]OCC
293,[C@@H]NC(=O)
294,[C@@H]C(F)
295,[C@@H]C(F)(F)
296,[C@@H]C(F)(F)F
297,[C@@H]CC(C(=O)O)
298,[C@@H]c1ccccn1
299,[C@@H]c1ccccc1
300,[C@@H]CC(O)
301,[C@@H]C1CCCCC1
302,[C@@H]C(=O)O
303,[C@@H]CC(=O)
304,[C@@H]CC(C)
305,[C@@H]CCNC(=O)
306,[C@@H]CCS
307,[C@@H]CCO
308,[C@@H]=O
309,[C@@H]CCCO
310,[C@@H]C(C(=O)O)
311,[C@@H]C(C)
312,[C@@H]C(C)=O
313,[C@@H](O)
314,[C@@H]c1ccc([N+](=O)[O-])cc1
315,[C@@H]CN
316,[C@@H]CCOC(=O)
317,[C@@H]OCO
318,[C@@H]CO
319,[C@@H]S(=O)(=O)
320,[C@@H]c2ccccc2
321,[C@@H]OCCOCC
322,[C@@H]OC(=O)
323,[C@@H]/N
324,[C@@H]=N
325,[C@@H]CCN(CC)C(=O)
326,[C@@H]C(=O)N(CC)
327,[C@H]F
328,[C@H][N+]
329,[C@H][O-]
330,[C@H]Cl
331,[C@H]I
332,[C@H]P(O)(O)
333,[C@H]P(=O)(O)O
334,[C@H]CC
335,[C@H]P(=O)(O)
336,[C@H]CC(=O)O
337,[C@H]CCNS(=O)(=O)
338,[C@H]CCCC
339,[C@H]CCN
340,[C@H]Cc1ccccc1
341,[C@H]CCOCC
342,[C@H]CC(=O)N
343,[C@H]OCC
344,[C@H]NC(=O)
345,[C@H]C(F)
346,[C@H]C(F)(F)
347,[C@H]C(F)(F)F
348,[C@H]CC(C(=O)O)
349,[C@H]c1ccccn1
350,[C@H]c1ccccc1
351,[C@H]CC(O)
352,[C@H]C1CCCCC1
353,[C@H]C(=O)O
354,[C@H]CC(=O)
355,[C@H]CC(C)
356,[C@H]CCNC(=O)
357,[C@H]CCS
358,[C@H]CCO
359,[C@H]=O
360,[C@H]CCCO
361,[C@H]C(C(=O)O)
362,[C@H]C(C)
363,[C@H]C(C)=O
364,[C@H](O)
365,[C@H]c1ccc([N+](=O)[O-])cc1
366,[C@H]CN
367,[C@H]CCOC(=O)
368,[C@H]OCO
369,[C@H]CO
370,[C@H]S(=O)(=O)
371,[C@H]c2ccccc2
372,[C@H]OCCOCC
373,[C@H]OC(=O)
374,[C@H]/N
375,[C@H]=N
376,[C@H]CCN(CC)C(=O)
377,[C@H]C(=O)N(CC)
378,F[N+]
379,F[O-]
380,FCl
381,FI
382,FP(O)(O)
383,FP(=O)(O)O
384,FCC
385,FP(=O)(O)
386,FCC(=O)O
387,FCCNS(=O)(=O)
388,FCCCC
389,FCCN
390,FCc1ccccc1
391,FCCOCC
392,FCC(=O)N
393,FOCC
394,FNC(=O)
395,FC(F)
396,FC(F)(F)
397,FC(F)(F)F
398,FCC(C(=O)O)
399,Fc1ccccn1
400,Fc1ccccc1
401,FCC(O)
402,FC1CCCCC1
403,FC(=O)O
404,FCC(=O)
405,FCC(C)
406,FCCNC(=O)
407,FCCS
408,FCCO
409,FCCCO
410,FC(C(=O)O)
411,FC(C)
412,FC(C)=O
413,F(O)
414,Fc1ccc([N+](=O)[O-])cc1
415,FCN
416,FCCOC(=O)
417,FOCO
418,FCO
419,FS(=O)(=O)
420,Fc2ccccc2
421,FOCCOCC
422,FOC(=O)
423,F/N
424,FCCN(CC)C(=O)
425,FC(=O)N(CC)
426,[N+][O-]
427,[N+]Cl
428,[N+]I
429,[N+]P(O)(O)
430,[N+]P(=O)(O)O
431,[N+]CC
432,[N+]P(=O)(O)
433,[N+]CC(=O)O
434,[N+]CCNS(=O)(=O)
435,[N+]CCCC
436,[N+]CCN
437,[N+]Cc1ccccc1
438,[N+]CCOCC
439,[N+]CC(=O)N
440,[N+]OCC
441,[N+]NC(=O)
442,[N+]C(F)
443,[N+]C(F)(F)
444,[N+]C(F)(F)F
445,[N+]CC(C(=O)O)
446,[N+]c1ccccn1
447,[N+]c1ccccc1
448,[N+]CC(O)
449,[N+]C1CCCCC1
450,[N+]C(=O)O
451,[N+]CC(=O)
452,[N+]CC(C)
453,[N+]CCNC(=O)
454,[N+]CCS
455,[N+]CCO
456,[N+]=O
457,[N+]CCCO
458,[N+]C(C(=O)O)
459,[N+]C(C)
460,[N+]C(C)=O
461,[N+](O)
462,[N+]c1ccc([N+](=O)[O-])cc1
463,[N+]CN
464,[N+]CCOC(=O)
465,[N+]OCO
466,[N+]CO
467,[N+]S(=O)(=O)
468,[N+]c2ccccc2
469,[N+]OCCOCC
470,[N+]OC(=O)
471,[N+]/N
472,[N+]=N
473,[N+]CCN(CC)C(=O)
474,[N+]C(=O)N(CC)
475,[O-]Cl
476,[O-]I
477,[O-]P(O)(O)
478,[O-]P(=O)(O)O
479,[O-]CC
480,[O-]P(=O)(O)
481,[O-]CC(=O)O
482,[O-]CCNS(=O)(=O)
483,[O-]CCCC
484,[O-]CCN
485,[O-]Cc1ccccc1
486,[O-]CCOCC
487,[O-]CC(=O)N
488,[O-]OCC
489,[O-]NC(=O)
490,[O-]C(F)
491,[O-]C(F)(F)
492,[O-]C(F)(F)F
493,[O-]CC(C(=O)O)
494,[O-]c1ccccn1
495,[O-]c1ccccc1
496,[O-]CC(O)
497,[O-]C1CCCCC1
498,[O-]C(=O)O
499,[O-]CC(=O)
500,[O-]CC(C)
501,[O-]CCNC(=O)
502,[O-]CCS
503,[O-]CCO
504,[O-]CCCO
505,[O-]C(C(=O)O)
506,[O-]C(C)
507,[O-]C(C)=O
508,[O-](O)
509,[O-]c1ccc([N+](=O)[O-])cc1
510,[O-]CN
511,[O-]CCOC(=O)
512,[O-]OCO
513,[O-]CO
514,[O-]S(=O)(=O)
515,[O-]c2ccccc2
516,[O-]OCCOCC
517,[O-]OC(=O)
518,[O-]/N
519,[O-]CCN(CC)C(=O)
520,[O-]C(=O)N(CC)
521,ClI
522,ClP(O)(O)
523,ClP(=O)(O)O
524,ClCC
525,ClP(=O)(O)
526,ClCC(=O)O
527,ClCCNS(=O)(=O)
528,ClCCCC
529,ClCCN
530,ClCc1ccccc1
531,ClCCOCC
532,ClCC(=O)N
533,ClOCC
534,ClNC(=O)
535,ClC(F)
536,ClC(F)(F)
537,ClC(F)(F)F
538,ClCC(C(=O)O)
539,Clc1ccccn1
540,Clc1ccccc1
541,ClCC(O)
542,ClC1CCCCC1
543,ClC(=O)O
544,ClCC(=O)
545,ClCC(C)
546,ClCCNC(=O)
547,ClCCS
548,ClCCO
549,ClCCCO
550,ClC(C(=O)O)
551,ClC(C)
552,ClC(C)=O
553,Cl(O)
554,Clc1ccc([N+](=O)[O-])cc1
555,ClCN
556,ClCCOC(=O)
557,ClOCO
558,ClCO
559,ClS(=O)(=O)
560,Clc2ccccc2
561,ClOCCOCC
562,ClOC(=O)
563,Cl/N
564,ClCCN(CC)C(=O)
565,ClC(=O)N(CC)
566,IP(O)(O)
567,IP(=O)(O)O
568,ICC
569,IP(=O)(O)
570,ICC(=O)O
571,ICCNS(=O)(=O)
572,ICCCC
573,ICCN
574,ICc1ccccc1
575,ICCOCC
576,ICC(=O)N
577,IOCC
578,INC(=O)
579,IC(F)
580,IC(F)(F)
581,IC(F)(F)F
582,ICC(C(=O)O)
583,Ic1ccccn1
584,Ic1ccccc1
585,ICC(O)
586,IC1CCCCC1
587,IC(=O)O
588,ICC(=O)
589,ICC(C)
590,ICCNC(=O)
591,ICCS
592,ICCO
593,I=O
594,ICCCO
595,IC(C(=O)O)
596,IC(C)
597,IC(C)=O
598,I(O)
599,Ic1ccc([N+](=O)[O-])cc1
600,ICN
601,ICCOC(=O)
602,IOCO
603,ICO
604,IS(=O)(=O)
605,Ic2ccccc2
606,IOCCOCC
607,IOC(=O)
608,I/N
609,I=N
610,ICCN(CC)C(=O)
611,IC(=O)N(CC)
612,O=P(O)(O)
613,O=P(=O)(O)O
614,O=CC
615,O=P(=O)(O)
616,O=CC(=O)O
617,O=CCNS(=O)(=O)
618,O=CCCC
619,O=CCN
620,O=Cc1ccccc1
621,O=CCOCC
622,O=CC(=O)N
623,O=NC(=O)
624,O=C(F)
625,O=C(F)(F)
626,O=CC(C(=O)O)
627,O=CC(O)
628,O=C1CCCCC1
629,O=CC(=O)
630,O=CC(C)
631,O=CCNC(=O)
632,O=CCS
633,O=CCO
634,O=CCCO
635,O=C(C(=O)O)
636,O=C(C)
637,O=CN
638,O=CCOC(=O)
639,O=CO
640,O=S(=O)(=O)
641,O=CCN(CC)C(=O)
642,P(O)(O)P(=O)(O)O
643,P(O)(O)CC
644,P(O)(O)P(=O)(O)
645,P(O)(O)CC(=O)O
646,P(O)(O)CCNS(=O)(=O)
647,P(O)(O)CCCC
648,P(O)(O)CCN
649,P(O)(O)Cc1ccccc1
650,P(O)(O)CCOCC
651,P(O)(O)CC(=O)N
652,P(O)(O)OCC
653,P(O)(O)NC(=O)
654,P(O)(O)C(F)
655,P(O)(O)C(F)(F)
656,P(O)(O)C(F)(F)F
657,P(O)(O)CC(C(=O)O)
658,P(O)(O)c1ccccn1
659,P(O)(O)c1ccccc1
660,P(O)(O)CC(O)
661,P(O)(O)C1CCCCC1
662,P(O)(O)C(=O)O
663,P(O)(O)CC(=O)
664,P(O)(O)CC(C)
665,P(O)(O)CCNC(=O)
666,P(O)(O)CCS
667,P(O)(O)CCO
668,P(O)(O)=O
669,P(O)(O)CCCO
670,P(O)(O)C(C(=O)O)
671,P(O)(O)C(C)
672,P(O)(O)C(C)=O
673,P(O)(O)(O)
674,P(O)(O)c1ccc([N+](=O)[O-])cc1
675,P(O)(O)CN
676,P(O)(O)CCOC(=O)
677,P(O)(O)OCO
678,P(O)(O)CO
679,P(O)(O)S(=O)(=O)
680,P(O)(O)c2ccccc2
681,P(O)(O)OCCOCC
682,P(O)(O)OC(=O)
683,P(O)(O)/N
684,P(O)(O)=N
685,P(O)(O)CCN(CC)C(=O)
686,P(O)(O)C(=O)N(CC)
687,CN(P(=O)(O)O)
688,CN(C(=O)O)
689,CN(CC(=O)O)
690,CN(c2ccc(O)cc2)
691,CN(CCCO)
692,CN(O)
693,CN(CCC(=O)O)
694,CN(C(F)(F)F)
695,CN(c1ccccn1)
696,CN(CCO)
697,CN(=O)
698,CN(c1ccccc1)
699,CN(C(C)=O)
700,CN(S(=O)(=O)O)
701,CN(c2ccccc2)
702,CN(C)
703,CN(C)O
704,CN(CC)
705,Cc1cccc(n1)
706,Cc1cccc(ccn1)
707,Cc1cccc(O)c1
708,CN(CP(=O)(O)O)
709,CN(CC(=O)O)
710,CN(CCC(=O)O)
711,CN(Cc2ccc(O)cc2)
712,CN(CCCCO)
713,CN(CO)
714,CN(CCCC(=O)O)
715,CN(CC(F)(F)F)
716,CN(Cc1ccccn1)
717,CN(CCCO)
718,CN(C=O)
719,CN(Cc1ccccc1)
720,CN(CC(C)=O)
721,CN(CS(=O)(=O)O)
722,CN(Cc2ccccc2)
723,CN(CC)
724,CN(CC)O
725,CN(CCC)
726,P(=O)(O)OCC
727,P(=O)(O)OP(=O)(O)
728,P(=O)(O)OCC(=O)O
729,P(=O)(O)OCCNS(=O)(=O)
730,P(=O)(O)OCCCC
731,P(=O)(O)OCCN
732,P(=O)(O)OCc1ccccc1
733,P(=O)(O)OCCOCC
734,P(=O)(O)OCC(=O)N
735,P(=O)(O)OOCC
736,P(=O)(O)ONC(=O)
737,P(=O)(O)OC(F)
738,P(=O)(O)OC(F)(F)
739,P(=O)(O)OC(F)(F)F
740,P(=O)(O)OCC(C(=O)O)
741,P(=O)(O)Oc1ccccn1
742,P(=O)(O)Oc1ccccc1
743,P(=O)(O)OCC(O)
744,P(=O)(O)OC1CCCCC1
745,P(=O)(O)OC(=O)O
746,P(=O)(O)OCC(=O)
747,P(=O)(O)OCC(C)
748,P(=O)(O)OCCNC(=O)
749,P(=O)(O)OCCS
750,P(=O)(O)OCCO
751,P(=O)(O)OCCCO
752,P(=O)(O)OC(C(=O)O)
753,P(=O)(O)OC(C)
754,P(=O)(O)OC(C)=O
755,P(=O)(O)O(O)
756,P(=O)(O)Oc1ccc([N+](=O)[O-])cc1
757,P(=O)(O)OCN
758,P(=O)(O)OCCOC(=O)
759,P(=O)(O)OOCO
760,P(=O)(O)OCO
761,P(=O)(O)OS(=O)(=O)
762,P(=O)(O)Oc2ccccc2
763,P(=O)(O)OOCCOCC
764,P(=O)(O)OOC(=O)
765,P(=O)(O)O/N
766,P(=O)(O)OCCN(CC)C(=O)
767,P(=O)(O)OC(=O)N(CC)
768,O=C(O)CC
769,O=C(O)P(=O)(O)
770,O=C(O)CC(=O)O
771,O=C(O)CCNS(=O)(=O)
772,O=C(O)CCCC
773,O=C(O)CCN
774,O=C(O)Cc1ccccc1
775,O=C(O)CCOCC
776,O=C(O)CC(=O)N
777,O=C(O)OCC
778,O=C(O)NC(=O)
779,O=C(O)C(F)
780,O=C(O)C(F)(F)
781,O=C(O)C(F)(F)F
782,O=C(O)CC(C(=O)O)
783,O=C(O)c1ccccn1
784,O=C(O)c1ccccc1
785,O=C(O)CC(O)
786,O=C(O)C1CCCCC1
787,O=C(O)C(=O)O
788,O=C(O)CC(=O)
789,O=C(O)CC(C)
790,O=C(O)CCNC(=O)
791,O=C(O)CCS
792,O=C(O)CCO
793,O=C(O)CCCO
794,O=C(O)C(C(=O)O)
795,O=C(O)C(C)
796,O=C(O)C(C)=O
797,O=C(O)(O)
798,O=C(O)c1ccc([N+](=O)[O-])cc1
799,O=C(O)CN
800,O=C(O)CCOC(=O)
801,O=C(O)OCO
802,O=C(O)CO
803,O=C(O)S(=O)(=O)
804,O=C(O)c2ccccc2
805,O=C(O)OCCOCC
806,O=C(O)OC(=O)
807,O=C(O)/N
808,O=C(O)CCN(CC)C(=O)
809,O=C(O)C(=O)N(CC)
810,N1CCN(C1)
811,N1CCN(CO)c1
812,CCN(C(=O)O)
813,CCN(CC(=O)O)
814,CCN(c2ccc(O)cc2)
815,CCN(CCCO)
816,CCN(O)
817,CCN(CCC(=O)O)
818,CCN(C(F)(F)F)
819,CCN(c1ccccn1)
820,CCN(CCO)
821,CCN(=O)
822,CCN(c1ccccc1)
823,CCN(C(C)=O)
824,CCN(S(=O)(=O)O)
825,CCN(c2ccccc2)
826,CCN(C)
827,CCN(C)O
828,CCN(CC)
829,CC1CN1
830,CC1CCNCC1
831,CC1CCCC1
832,CC1OCC1
833,CC1CCOCC1
834,CC1CCC1
835,CC1CCN1
836,CCP(=O)(O)
837,CCCC(=O)O
838,CCCCNS(=O)(=O)
839,CCCCCC
840,CCCCN
841,CCCc1ccccc1
842,CCCCOCC
843,CCCC(=O)N
844,CCOCC
845,CCNC(=O)
846,CCC(F)
847,CCC(F)(F)
848,CCC(F)(F)F
849,CCCC(C(=O)O)
850,CCc1ccccn1
851,CCc1ccccc1
852,CCCC(O)
853,CCC1CCCCC1
854,CCC(=O)O
855,CCCC(=O)
856,CCCC(C)
857,CCCCNC(=O)
858,CCCCS
859,CCCCO
860,CC=O
861,CCCCCO
862,CCC(C(=O)O)
863,CCC(C)
864,CCC(C)=O
865,CC(O)
866,CCc1ccc([N+](=O)[O-])cc1
867,CCCN
868,CCCCOC(=O)
869,CCOCO
870,CCCO
871,CCS(=O)(=O)
872,CCc2ccccc2
873,CCOCCOCC
874,CCOC(=O)
875,CC/N
876,CC=N
877,CCCCN(CC)C(=O)
878,CCC(=O)N(CC)
879,P(=O)(O)CC(=O)O
880,P(=O)(O)CCNS(=O)(=O)
881,P(=O)(O)CCCC
882,P(=O)(O)CCN
883,P(=O)(O)Cc1ccccc1
884,P(=O)(O)CCOCC
885,P(=O)(O)CC(=O)N
886,P(=O)(O)OCC
887,P(=O)(O)NC(=O)
888,P(=O)(O)C(F)
889,P(=O)(O)C(F)(F)
890,P(=O)(O)C(F)(F)F
891,P(=O)(O)CC(C(=O)O)
892,P(=O)(O)c1ccccn1
893,P(=O)(O)c1ccccc1
894,P(=O)(O)CC(O)
895,P(=O)(O)C1CCCCC1
896,P(=O)(O)C(=O)O
897,P(=O)(O)CC(=O)
898,P(=O)(O)CC(C)
899,P(=O)(O)CCNC(=O)
900,P(=O)(O)CCS
901,P(=O)(O)CCO
902,P(=O)(O)=O
903,P(=O)(O)CCCO
904,P(=O)(O)C(C(=O)O)
905,P(=O)(O)C(C)
906,P(=O)(O)C(C)=O
907,P(=O)(O)(O)
908,P(=O)(O)c1ccc([N+](=O)[O-])cc1
909,P(=O)(O)CN
910,P(=O)(O)CCOC(=O)
911,P(=O)(O)OCO
912,P(=O)(O)CO
913,P(=O)(O)S(=O)(=O)
914,P(=O)(O)c2ccccc2
915,P(=O)(O)OCCOCC
916,P(=O)(O)OC(=O)
917,P(=O)(O)/N
918,P(=O)(O)=N
919,P(=O)(O)CCN(CC)C(=O)
920,P(=O)(O)C(=O)N(CC)
921,CN1CCN(O)c1
922,CN1CCNCC1
923,CN1CCCC1
924,CN1OCC1
925,CN1CCOCC1
926,CN1CCC1
927,CN1CCN1
928,CCN(CCC(=O)O)
929,CCN(Cc2ccc(O)cc2)
930,CCN(CCCCO)
931,CCN(CO)
932,CCN(CCCC(=O)O)
933,CCN(CC(F)(F)F)
934,CCN(Cc1ccccn1)
935,CCN(CCCO)
936,CCN(C=O)
937,CCN(Cc1ccccc1)
938,CCN(CC(C)=O)
939,CCN(CS(=O)(=O)O)
940,CCN(Cc2ccccc2)
941,CCN(CC)
942,CCN(CC)O
943,CCN(CCC)
944,CN2CCN(n2)
945,CN2CCN(CCOCC2)
946,CC(=O)OCCNS(=O)(=O)
947,CC(=O)OCCCC
948,CC(=O)OCCN
949,CC(=O)OCc1ccccc1
950,CC(=O)OCCOCC
951,CC(=O)OCC(=O)N
952,CC(=O)OOCC
953,CC(=O)ONC(=O)
954,CC(=O)OC(F)
955,CC(=O)OC(F)(F)
956,CC(=O)OC(F)(F)F
957,CC(=O)OCC(C(=O)O)
958,CC(=O)Oc1ccccn1
959,CC(=O)Oc1ccccc1
960,CC(=O)OCC(O)
961,CC(=O)OC1CCCCC1
962,CC(=O)OC(=O)O
963,CC(=O)OCC(=O)
964,CC(=O)OCC(C)
965,CC(=O)OCCNC(=O)
966,CC(=O)OCCS
967,CC(=O)OCCO
968,CC(=O)OCCCO
969,CC(=O)OC(C(=O)O)
970,CC(=O)OC(C)
971,CC(=O)OC(C)=O
972,CC(=O)O(O)
973,CC(=O)Oc1ccc([N+](=O)[O-])cc1
974,CC(=O)OCN
975,CC(=O)OCCOC(=O)
976,CC(=O)OOCO
977,CC(=O)OCO
978,CC(=O)OS(=O)(=O)
979,CC(=O)Oc2ccccc2
980,CC(=O)OOCCOCC
981,CC(=O)OOC(=O)
982,CC(=O)O/N
983,CC(=O)OCCN(CC)C(=O)
984,CC(=O)OC(=O)N(CC)
985,CCNS(=O)(=O)CCCC
986,CCNS(=O)(=O)CCN
987,CCNS(=O)(=O)Cc1ccccc1
988,CCNS(=O)(=O)CCOCC
989,CCNS(=O)(=O)CC(=O)N
990,CCNS(=O)(=O)OCC
991,CCNS(=O)(=O)NC(=O)
992,CCNS(=O)(=O)C(F)
993,CCNS(=O)(=O)C(F)(F)
994,CCNS(=O)(=O)C(F)(F)F
995,CCNS(=O)(=O)CC(C(=O)O)
996,CCNS(=O)(=O)c1ccccn1
997,CCNS(=O)(=O)c1ccccc1
998,CCNS(=O)(=O)CC(O)
999,CCNS(=O)(=O)C1CCCCC1
1000,CCNS(=O)(=O)C(=O)O
1001,CCNS(=O)(=O)CC(=O)
1002,CCNS(=O)(=O)CC(C)
1003,CCNS(=O)(=O)CCNC(=O)
1004,CCNS(=O)(=O)CCS
1005,CCNS(=O)(=O)CCO
1006,CCNS(=O)(=O)CCCO
1007,CCNS(=O)(=O)C(C(=O)O)
1008,CCNS(=O)(=O)C(C)
1009,CCNS(=O)(=O)C(C)=O
1010,CCNS(=O)(=O)(O)
1011,CCNS(=O)(=O)c1ccc([N+](=O)[O-])cc1
1012,CCNS(=O)(=O)CN
1013,CCNS(=O)(=O)CCOC(=O)
1014,CCNS(=O)(=O)OCO
1015,CCNS(=O)(=O)CO
1016,CCNS(=O)(=O)S(=O)(=O)
1017,CCNS(=O)(=O)c2ccccc2
1018,CCNS(=O)(=O)OCCOCC
1019,CCNS(=O)(=O)OC(=O)
1020,CCNS(=O)(=O)/N
1021,CCNS(=O)(=O)CCN(CC)C(=O)
1022,CCNS(=O)(=O)C(=O)N(CC)
1023,C1CCCC[C@@H]1
1024,C1CCCC[C@H]1
1025,C1CCCCn1
1026,C1CCCCCCNCC1
1027,C1CCCCC1CO
1028,C1CCCCCCCC1
1029,C1CCCCN1
1030,C1CCCCOCC1
1031,C1CCCCCCOCC1
1032,C1CCCCC1
1033,C1CCCCCCC1
1034,C1CCCCc1
1035,C1CCCCCCN1
1036,C1CCCCc1O
1037,C1N(O)c1
1038,[C@@H]1CCNCC1
1039,[C@@H]1CCCC1
1040,[C@@H]1OCC1
1041,[C@@H]1CCOCC1
1042,[C@@H]1CCC1
1043,[C@@H]1CCN1
1044,CCCCCCN
1045,CCCCCc1ccccc1
1046,CCCCCCOCC
1047,CCCCCC(=O)N
1048,CCCCOCC
1049,CCCCNC(=O)
1050,CCCCC(F)
1051,CCCCC(F)(F)
1052,CCCCC(F)(F)F
1053,CCCCCC(C(=O)O)
1054,CCCCc1ccccn1
1055,CCCCc1ccccc1
1056,CCCCCC(O)
1057,CCCCC1CCCCC1
1058,CCCCC(=O)O
1059,CCCCCC(=O)
1060,CCCCCC(C)
1061,CCCCCCNC(=O)
1062,CCCCCCS
1063,CCCCCCO
1064,CCCC=O
1065,CCCCCCCO
1066,CCCCC(C(=O)O)
1067,CCCCC(C)
1068,CCCCC(C)=O
1069,CCCC(O)
1070,CCCCc1ccc([N+](=O)[O-])cc1
1071,CCCCCN
1072,CCCCCCOC(=O)
1073,CCCCOCO
1074,CCCCCO
1075,CCCCS(=O)(=O)
1076,CCCCc2ccccc2
1077,CCCCOCCOCC
1078,CCCCOC(=O)
1079,CCCC/N
1080,CCCC=N
1081,CCCCCCN(CC)C(=O)
1082,CCCCC(=O)N(CC)
1083,[C@H]1CCNCC1
1084,[C@H]1CCCC1
1085,[C@H]1OCC1
1086,[C@H]1CCOCC1
1087,[C@H]1CCC1
1088,[C@H]1CCN1
1089,N(O)
1090,N(CCC(=O)O)
1091,N(C(F)(F)F)
1092,N(c1ccccn1)
1093,N(CCO)
1094,N(=O)
1095,N(c1ccccc1)
1096,N(C(C)=O)
1097,N(S(=O)(=O)O)
1098,N(c2ccccc2)
1099,N(C)
1100,N(C)O
1101,N(CC)
1102,CCNCc1ccccc1
1103,CCNCCOCC
1104,CCNCC(=O)N
1105,CCNOCC
1106,CCNNC(=O)
1107,CCNC(F)
1108,CCNC(F)(F)
1109,CCNC(F)(F)F
1110,CCNCC(C(=O)O)
1111,CCNc1ccccn1
1112,CCNc1ccccc1
1113,CCNCC(O)
1114,CCNC1CCCCC1
1115,CCNC(=O)O
1116,CCNCC(=O)
1117,CCNCC(C)
1118,CCNCCNC(=O)
1119,CCNCCS
1120,CCNCCO
1121,CCN=O
1122,CCNCCCO
1123,CCNC(C(=O)O)
1124,CCNC(C)
1125,CCNC(C)=O
1126,CCN(O)
1127,CCNc1ccc([N+](=O)[O-])cc1
1128,CCNCN
1129,CCNCCOC(=O)
1130,CCNOCO
1131,CCNCO
1132,CCNS(=O)(=O)
1133,CCNc2ccccc2
1134,CCNOCCOCC
1135,CCNOC(=O)
1136,CCN/N
1137,CCN=N
1138,CCNCCN(CC)C(=O)
1139,CCNC(=O)N(CC)
1140,CCCC(O)
1141,CCCC(CCC(=O)O)
1142,CCCC(C(F)(F)F)
1143,CCCC(c1ccccn1)
1144,CCCC(CCO)
1145,CCCC(=O)
1146,CCCC(c1ccccc1)
1147,CCCC(C(C)=O)
1148,CCCC(S(=O)(=O)O)
1149,CCCC(c2ccccc2)
1150,CCCC(C)
1151,CCCC(C)O
1152,CCCC(CC)
1153,CCC(O)
1154,CCC(CCC(=O)O)
1155,CCC(C(F)(F)F)
1156,CCC(c1ccccn1)
1157,CCC(CCO)
1158,CCC(=O)
1159,CCC(c1ccccc1)
1160,CCC(C(C)=O)
1161,CCC(S(=O)(=O)O)
1162,CCC(c2ccccc2)
1163,CCC(C)
1164,CCC(C)O
1165,CCC(CC)
1166,C(O)
1167,C(CCC(=O)O)
1168,C(C(F)(F)F)
1169,C(c1ccccn1)
1170,C(CCO)
1171,C(=O)
1172,C(c1ccccc1)
1173,C(C(C)=O)
1174,C(S(=O)(=O)O)
1175,C(c2ccccc2)
1176,C(C)
1177,C(C)O
1178,C(CC)
1179,c1cccc(ccn1)
1180,c1cccc(O)c1
1181,n1CCNCC1
1182,n1CCCC1
1183,n1OCC1
1184,n1CCOCC1
1185,n1CCC1
1186,n1CCN1
1187,n1ccc1O
1188,Cc1ccccc1CCOCC
1189,Cc1ccccc1CC(=O)N
1190,Cc1ccccc1OCC
1191,Cc1ccccc1NC(=O)
1192,Cc1ccccc1C(F)
1193,Cc1ccccc1C(F)(F)
1194,Cc1ccccc1C(F)(F)F
1195,Cc1ccccc1CC(C(=O)O)
1196,Cc1ccccc1c1ccccn1
1197,Cc1ccccc1c1ccccc1
1198,Cc1ccccc1CC(O)
1199,Cc1ccccc1C1CCCCC1
1200,Cc1ccccc1C(=O)O
1201,Cc1ccccc1CC(=O)
1202,Cc1ccccc1CC(C)
1203,Cc1ccccc1CCNC(=O)
1204,Cc1ccccc1CCS
1205,Cc1ccccc1CCO
1206,Cc1ccccc1CCCO
1207,Cc1ccccc1C(C(=O)O)
1208,Cc1ccccc1C(C)
1209,Cc1ccccc1C(C)=O
1210,Cc1ccccc1(O)
1211,Cc1ccccc1c1ccc([N+](=O)[O-])cc1
1212,Cc1ccccc1CN
1213,Cc1ccccc1CCOC(=O)
1214,Cc1ccccc1OCO
1215,Cc1ccccc1CO
1216,Cc1ccccc1S(=O)(=O)
1217,Cc1ccccc1c2ccccc2
1218,Cc1ccccc1OCCOCC
1219,Cc1ccccc1OC(=O)
1220,Cc1ccccc1/N
1221,Cc1ccccc1CCN(CC)C(=O)
1222,Cc1ccccc1C(=O)N(CC)
1223,CCCN(CC(F)(F)F)
1224,CCCN(Cc1ccccn1)
1225,CCCN(CCCO)
1226,CCCN(C=O)
1227,CCCN(Cc1ccccc1)
1228,CCCN(CC(C)=O)
1229,CCCN(CS(=O)(=O)O)
1230,CCCN(Cc2ccccc2)
1231,CCCN(CC)
1232,CCCN(CC)O
1233,CCCN(CCC)
1234,CCNCC1CCCC1
1235,CCNCC1OCC1
1236,CCNCC1CCOCC1
1237,CCNCC1CCC1
1238,CCNCC1CCN1
1239,CCCN(C(F)(F)F)
1240,CCCN(c1ccccn1)
1241,CCCN(CCO)
1242,CCCN(=O)
1243,CCCN(c1ccccc1)
1244,CCCN(C(C)=O)
1245,CCCN(S(=O)(=O)O)
1246,CCCN(c2ccccc2)
1247,CCCN(C)
1248,CCCN(C)O
1249,CCCN(CC)
1250,CCOCCCC(=O)N
1251,CCOCCOCC
1252,CCOCCNC(=O)
1253,CCOCCC(F)
1254,CCOCCC(F)(F)
1255,CCOCCC(F)(F)F
1256,CCOCCCC(C(=O)O)
1257,CCOCCc1ccccn1
1258,CCOCCc1ccccc1
1259,CCOCCCC(O)
1260,CCOCCC1CCCCC1
1261,CCOCCC(=O)O
1262,CCOCCCC(=O)
1263,CCOCCCC(C)
1264,CCOCCCCNC(=O)
1265,CCOCCCCS
1266,CCOCCCCO
1267,CCOCC=O
1268,CCOCCCCCO
1269,CCOCCC(C(=O)O)
1270,CCOCCC(C)
1271,CCOCCC(C)=O
1272,CCOCC(O)
1273,CCOCCc1ccc([N+](=O)[O-])cc1
1274,CCOCCCN
1275,CCOCCCCOC(=O)
1276,CCOCCOCO
1277,CCOCCCO
1278,CCOCCS(=O)(=O)
1279,CCOCCc2ccccc2
1280,CCOCCOCCOCC
1281,CCOCCOC(=O)
1282,CCOCC/N
1283,CCOCC=N
1284,CCOCCCCN(CC)C(=O)
1285,CCOCCC(=O)N(CC)
1286,CC(=O)NOCC
1287,CC(=O)NNC(=O)
1288,CC(=O)NC(F)
1289,CC(=O)NC(F)(F)
1290,CC(=O)NC(F)(F)F
1291,CC(=O)NCC(C(=O)O)
1292,CC(=O)Nc1ccccn1
1293,CC(=O)Nc1ccccc1
1294,CC(=O)NCC(O)
1295,CC(=O)NC1CCCCC1
1296,CC(=O)NC(=O)O
1297,CC(=O)NCC(=O)
1298,CC(=O)NCC(C)
1299,CC(=O)NCCNC(=O)
1300,CC(=O)NCCS
1301,CC(=O)NCCO
1302,CC(=O)N=O
1303,CC(=O)NCCCO
1304,CC(=O)NC(C(=O)O)
1305,CC(=O)NC(C)
1306,CC(=O)NC(C)=O
1307,CC(=O)N(O)
1308,CC(=O)Nc1ccc([N+](=O)[O-])cc1
1309,CC(=O)NCN
1310,CC(=O)NCCOC(=O)
1311,CC(=O)NOCO
1312,CC(=O)NCO
1313,CC(=O)NS(=O)(=O)
1314,CC(=O)Nc2ccccc2
1315,CC(=O)NOCCOCC
1316,CC(=O)NOC(=O)
1317,CC(=O)N/N
1318,CC(=O)N=N
1319,CC(=O)NCCN(CC)C(=O)
1320,CC(=O)NC(=O)N(CC)
1321,OCCNC(=O)
1322,OCCC(F)
1323,OCCC(F)(F)
1324,OCCC(F)(F)F
1325,OCCCC(C(=O)O)
1326,OCCc1ccccn1
1327,OCCc1ccccc1
1328,OCCCC(O)
1329,OCCC1CCCCC1
1330,OCCC(=O)O
1331,OCCCC(=O)
1332,OCCCC(C)
1333,OCCCCNC(=O)
1334,OCCCCS
1335,OCCCCO
1336,OCC=O
1337,OCCCCCO
1338,OCCC(C(=O)O)
1339,OCCC(C)
1340,OCCC(C)=O
1341,OCC(O)
1342,OCCc1ccc([N+](=O)[O-])cc1
1343,OCCCN
1344,OCCCCOC(=O)
1345,OCCOCO
1346,OCCCO
1347,OCCS(=O)(=O)
1348,OCCc2ccccc2
1349,OCCOCCOCC
1350,OCCOC(=O)
1351,OCC/N
1352,OCC=N
1353,OCCCCN(CC)C(=O)
1354,OCCC(=O)N(CC)
1355,NC(=O)C(F)
1356,NC(=O)C(F)(F)
1357,NC(=O)C(F)(F)F
1358,NC(=O)CC(C(=O)O)
1359,NC(=O)c1ccccn1
1360,NC(=O)c1ccccc1
1361,NC(=O)CC(O)
1362,NC(=O)C1CCCCC1
1363,NC(=O)C(=O)O
1364,NC(=O)CC(=O)
1365,NC(=O)CC(C)
1366,NC(=O)CCNC(=O)
1367,NC(=O)CCS
1368,NC(=O)CCO
1369,NC(=O)CCCO
1370,NC(=O)C(C(=O)O)
1371,NC(=O)C(C)
1372,NC(=O)C(C)=O
1373,NC(=O)(O)
1374,NC(=O)c1ccc([N+](=O)[O-])cc1
1375,NC(=O)CN
1376,NC(=O)CCOC(=O)
1377,NC(=O)OCO
1378,NC(=O)CO
1379,NC(=O)S(=O)(=O)
1380,NC(=O)c2ccccc2
1381,NC(=O)OCCOCC
1382,NC(=O)OC(=O)
1383,NC(=O)/N
1384,NC(=O)CCN(CC)C(=O)
1385,NC(=O)C(=O)N(CC)
1386,C(F)C(F)(F)
1387,C(F)C(F)(F)F
1388,C(F)CC(C(=O)O)
1389,C(F)c1ccccn1
1390,C(F)c1ccccc1
1391,C(F)CC(O)
1392,C(F)C1CCCCC1
1393,C(F)C(=O)O
1394,C(F)CC(=O)
1395,C(F)CC(C)
1396,C(F)CCNC(=O)
1397,C(F)CCS
1398,C(F)CCO
1399,C(F)=O
1400,C(F)CCCO
1401,C(F)C(C(=O)O)
1402,C(F)C(C)
1403,C(F)C(C)=O
1404,C(F)(O)
1405,C(F)c1ccc([N+](=O)[O-])cc1
1406,C(F)CN
1407,C(F)CCOC(=O)
1408,C(F)OCO
1409,C(F)CO
1410,C(F)S(=O)(=O)
1411,C(F)c2ccccc2
1412,C(F)OCCOCC
1413,C(F)OC(=O)
1414,C(F)/N
1415,C(F)=N
1416,C(F)CCN(CC)C(=O)
1417,C(F)C(=O)N(CC)
1418,C(F)(F)C(F)(F)F
1419,C(F)(F)CC(C(=O)O)
1420,C(F)(F)c1ccccn1
1421,C(F)(F)c1ccccc1
1422,C(F)(F)CC(O)
1423,C(F)(F)C1CCCCC1
1424,C(F)(F)C(=O)O
1425,C(F)(F)CC(=O)
1426,C(F)(F)CC(C)
1427,C(F)(F)CCNC(=O)
1428,C(F)(F)CCS
1429,C(F)(F)CCO
1430,C(F)(F)=O
1431,C(F)(F)CCCO
1432,C(F)(F)C(C(=O)O)
1433,C(F)(F)C(C)
1434,C(F)(F)C(C)=O
1435,C(F)(F)(O)
1436,C(F)(F)c1ccc([N+](=O)[O-])cc1
1437,C(F)(F)CN
1438,C(F)(F)CCOC(=O)
1439,C(F)(F)OCO
1440,C(F)(F)CO
1441,C(F)(F)S(=O)(=O)
1442,C(F)(F)c2ccccc2
1443,C(F)(F)OCCOCC
1444,C(F)(F)OC(=O)
1445,C(F)(F)/N
1446,C(F)(F)=N
1447,C(F)(F)CCN(CC)C(=O)
1448,C(F)(F)C(=O)N(CC)
1449,CC(C(=O)O)c1ccccn1
1450,CC(C(=O)O)c1ccccc1
1451,CC(C(=O)O)CC(O)
1452,CC(C(=O)O)C1CCCCC1
1453,CC(C(=O)O)C(=O)O
1454,CC(C(=O)O)CC(=O)
1455,CC(C(=O)O)CC(C)
1456,CC(C(=O)O)CCNC(=O)
1457,CC(C(=O)O)CCS
1458,CC(C(=O)O)CCO
1459,CC(C(=O)O)=O
1460,CC(C(=O)O)CCCO
1461,CC(C(=O)O)C(C(=O)O)
1462,CC(C(=O)O)C(C)
1463,CC(C(=O)O)C(C)=O
1464,CC(C(=O)O)(O)
1465,CC(C(=O)O)c1ccc([N+](=O)[O-])cc1
1466,CC(C(=O)O)CN
1467,CC(C(=O)O)CCOC(=O)
1468,CC(C(=O)O)OCO
1469,CC(C(=O)O)CO
1470,CC(C(=O)O)S(=O)(=O)
1471,CC(C(=O)O)c2ccccc2
1472,CC(C(=O)O)OCCOCC
1473,CC(C(=O)O)OC(=O)
1474,CC(C(=O)O)/N
1475,CC(C(=O)O)=N
1476,CC(C(=O)O)CCN(CC)C(=O)
1477,CC(C(=O)O)C(=O)N(CC)
1478,C(Nc1ccccn1)
1479,C(NCCO)
1480,C(N=O)
1481,C(Nc1ccccc1)
1482,C(NC(C)=O)
1483,C(NS(=O)(=O)O)
1484,C(Nc2ccccc2)
1485,C(NC)
1486,C(NC)O
1487,C(NCC)
1488,CCNC(c1ccccn1)
1489,CCNC(CCO)
1490,CCNC(=O)
1491,CCNC(c1ccccc1)
1492,CCNC(C(C)=O)
1493,CCNC(S(=O)(=O)O)
1494,CCNC(c2ccccc2)
1495,CCNC(C)
1496,CCNC(C)O
1497,CCNC(CC)
1498,c1ccccn1=O
1499,c1ccccc1CC(O)
1500,c1ccccc1C1CCCCC1
1501,c1ccccc1C(=O)O
1502,c1ccccc1CC(=O)
1503,c1ccccc1CC(C)
1504,c1ccccc1CCNC(=O)
1505,c1ccccc1CCS
1506,c1ccccc1CCO
1507,c1ccccc1CCCO
1508,c1ccccc1C(C(=O)O)
1509,c1ccccc1C(C)
1510,c1ccccc1C(C)=O
1511,c1ccccc1(O)
1512,c1ccccc1c1ccc([N+](=O)[O-])cc1
1513,c1ccccc1CN
1514,c1ccccc1CCOC(=O)
1515,c1ccccc1OCO
1516,c1ccccc1CO
1517,c1ccccc1S(=O)(=O)
1518,c1ccccc1c2ccccc2
1519,c1ccccc1OCCOCC
1520,c1ccccc1OC(=O)
1521,c1ccccc1/N
1522,c1ccccc1CCN(CC)C(=O)
1523,c1ccccc1C(=O)N(CC)
1524,CC(O)C1CCCCC1
1525,CC(O)C(=O)O
1526,CC(O)CC(=O)
1527,CC(O)CC(C)
1528,CC(O)CCNC(=O)
1529,CC(O)CCS
1530,CC(O)CCO
1531,CC(O)=O
1532,CC(O)CCCO
1533,CC(O)C(C(=O)O)
1534,CC(O)C(C)
1535,CC(O)C(C)=O
1536,CC(O)(O)
1537,CC(O)c1ccc([N+](=O)[O-])cc1
1538,CC(O)CN
1539,CC(O)CCOC(=O)
1540,CC(O)OCO
1541,CC(O)CO
1542,CC(O)S(=O)(=O)
1543,CC(O)c2ccccc2
1544,CC(O)OCCOCC
1545,CC(O)OC(=O)
1546,CC(O)/N
1547,CC(O)=N
1548,CC(O)CCN(CC)C(=O)
1549,CC(O)C(=O)N(CC)
1550,C1CCCCC1C(=O)O
1551,C1CCCCC1CC(=O)
1552,C1CCCCC1CC(C)
1553,C1CCCCC1CCNC(=O)
1554,C1CCCCC1CCS
1555,C1CCCCC1CCO
1556,C1CCCCC1=O
1557,C1CCCCC1CCCO
1558,C1CCCCC1C(C(=O)O)
1559,C1CCCCC1C(C)
1560,C1CCCCC1C(C)=O
1561,C1CCCCC1(O)
1562,C1CCCCC1c1ccc([N+](=O)[O-])cc1
1563,C1CCCCC1CN
1564,C1CCCCC1CCOC(=O)
1565,C1CCCCC1OCO
1566,C1CCCCC1CO
1567,C1CCCCC1S(=O)(=O)
1568,C1CCCCC1c2ccccc2
1569,C1CCCCC1OCCOCC
1570,C1CCCCC1OC(=O)
1571,C1CCCCC1/N
1572,C1CCCCC1=N
1573,C1CCCCC1CCN(CC)C(=O)
1574,C1CCCCC1C(=O)N(CC)
1575,NC(=O)
1576,NC(c1ccccc1)
1577,NC(C(C)=O)
1578,NC(S(=O)(=O)O)
1579,NC(c2ccccc2)
1580,NC(C)
1581,NC(C)O
1582,NC(CC)
1583,C(=O)OCC(=O)
1584,C(=O)OCC(C)
1585,C(=O)OCCNC(=O)
1586,C(=O)OCCS
1587,C(=O)OCCO
1588,C(=O)OCCCO
1589,C(=O)OC(C(=O)O)
1590,C(=O)OC(C)
1591,C(=O)OC(C)=O
1592,C(=O)O(O)
1593,C(=O)Oc1ccc([N+](=O)[O-])cc1
1594,C(=O)OCN
1595,C(=O)OCCOC(=O)
1596,C(=O)OOCO
1597,C(=O)OCO
1598,C(=O)OS(=O)(=O)
1599,C(=O)Oc2ccccc2
1600,C(=O)OOCCOCC
1601,C(=O)OOC(=O)
1602,C(=O)O/N
1603,C(=O)OCCN(CC)C(=O)
1604,C(=O)OC(=O)N(CC)
1605,CC(=O)CC(C)
1606,CC(=O)CCNC(=O)
1607,CC(=O)CCS
1608,CC(=O)CCO
1609,CC(=O)CCCO
1610,CC(=O)C(C(=O)O)
1611,CC(=O)C(C)
1612,CC(=O)C(C)=O
1613,CC(=O)(O)
1614,CC(=O)c1ccc([N+](=O)[O-])cc1
1615,CC(=O)CN
1616,CC(=O)CCOC(=O)
1617,CC(=O)OCO
1618,CC(=O)CO
1619,CC(=O)S(=O)(=O)
1620,CC(=O)c2ccccc2
1621,CC(=O)OCCOCC
1622,CC(=O)OC(=O)
1623,CC(=O)/N
1624,CC(=O)CCN(CC)C(=O)
1625,CC(=O)C(=O)N(CC)
1626,CC(C)CCNC(=O)
1627,CC(C)CCS
1628,CC(C)CCO
1629,CC(C)=O
1630,CC(C)CCCO
1631,CC(C)C(C(=O)O)
1632,CC(C)C(C)
1633,CC(C)C(C)=O
1634,CC(C)(O)
1635,CC(C)c1ccc([N+](=O)[O-])cc1
1636,CC(C)CN
1637,CC(C)CCOC(=O)
1638,CC(C)OCO
1639,CC(C)CO
1640,CC(C)S(=O)(=O)
1641,CC(C)c2ccccc2
1642,CC(C)OCCOCC
1643,CC(C)OC(=O)
1644,CC(C)/N
1645,CC(C)=N
1646,CC(C)CCN(CC)C(=O)
1647,CC(C)C(=O)N(CC)
1648,Cc1ccc1
1649,Cc1ccc1O
1650,Cc1ccccc1O
1651,c2cccc(-n2)
1652,n3Cn3
1653,CC(NC(C)=O)
1654,CC(NS(=O)(=O)O)
1655,CC(Nc2ccccc2)
1656,CC(NC)
1657,CC(NC)O
1658,CC(NCC)
1659,CCNC(=O)CCS
1660,CCNC(=O)CCO
1661,CCNC(=O)CCCO
1662,CCNC(=O)C(C(=O)O)
1663,CCNC(=O)C(C)
1664,CCNC(=O)C(C)=O
1665,CCNC(=O)(O)
1666,CCNC(=O)c1ccc([N+](=O)[O-])cc1
1667,CCNC(=O)CN
1668,CCNC(=O)CCOC(=O)
1669,CCNC(=O)OCO
1670,CCNC(=O)CO
1671,CCNC(=O)S(=O)(=O)
1672,CCNC(=O)c2ccccc2
1673,CCNC(=O)OCCOCC
1674,CCNC(=O)OC(=O)
1675,CCNC(=O)/N
1676,CCNC(=O)CCN(CC)C(=O)
1677,CCNC(=O)C(=O)N(CC)
1678,CCSCCO
1679,CCS=O
1680,CCSCCCO
1681,CCSC(C(=O)O)
1682,CCSC(C)
1683,CCSC(C)=O
1684,CCS(O)
1685,CCSc1ccc([N+](=O)[O-])cc1
1686,CCSCN
1687,CCSCCOC(=O)
1688,CCSOCO
1689,CCSCO
1690,CCSS(=O)(=O)
1691,CCSc2ccccc2
1692,CCSOCCOCC
1693,CCSOC(=O)
1694,CCS/N
1695,CCS=N
1696,CCSCCN(CC)C(=O)
1697,CCSC(=O)N(CC)
1698,c1ccc1
1699,c1ccc1O
1700,c1ccccc1O
1701,c2cc(n2)
1702,Cn2CCN2
1703,Cn2CN2
1704,Cn2cc2
1705,CNC(C(C)=O)
1706,CNC(S(=O)(=O)O)
1707,CNC(c2ccccc2)
1708,CNC(C)
1709,CNC(C)O
1710,CNC(CC)
1711,C1COCCCC1
1712,C1CON1
1713,C1COOCC1
1714,C1COCCOCC1
1715,C1COC1
1716,C1COCCC1
1717,C1COc1
1718,C1COCCN1
1719,C1COc1O
1720,CCN2CN2
1721,CCN2cc2
1722,OCCN(C(C)=O)
1723,OCCN(S(=O)(=O)O)
1724,OCCN(c2ccccc2)
1725,OCCN(C)
1726,OCCN(C)O
1727,OCCN(CC)
1728,CCOCCCO
1729,CCOC(C(=O)O)
1730,CCOC(C)
1731,CCOC(C)=O
1732,CCO(O)
1733,CCOc1ccc([N+](=O)[O-])cc1
1734,CCOCN
1735,CCOCCOC(=O)
1736,CCOOCO
1737,CCOCO
1738,CCOS(=O)(=O)
1739,CCOc2ccccc2
1740,CCOOCCOCC
1741,CCOOC(=O)
1742,CCO/N
1743,CCOCCN(CC)C(=O)
1744,CCOC(=O)N(CC)
1745,CCCOC(C(=O)O)
1746,CCCOC(C)
1747,CCCOC(C)=O
1748,CCCO(O)
1749,CCCOc1ccc([N+](=O)[O-])cc1
1750,CCCOCN
1751,CCCOCCOC(=O)
1752,CCCOOCO
1753,CCCOCO
1754,CCCOS(=O)(=O)
1755,CCCOc2ccccc2
1756,CCCOOCCOCC
1757,CCCOOC(=O)
1758,CCCO/N
1759,CCCOCCN(CC)C(=O)
1760,CCCOC(=O)N(CC)
1761,C(C(=O)O)C(C)
1762,C(C(=O)O)C(C)=O
1763,C(C(=O)O)(O)
1764,C(C(=O)O)c1ccc([N+](=O)[O-])cc1
1765,C(C(=O)O)CN
1766,C(C(=O)O)CCOC(=O)
1767,C(C(=O)O)OCO
1768,C(C(=O)O)CO
1769,C(C(=O)O)S(=O)(=O)
1770,C(C(=O)O)c2ccccc2
1771,C(C(=O)O)OCCOCC
1772,C(C(=O)O)OC(=O)
1773,C(C(=O)O)/N
1774,C(C(=O)O)=N
1775,C(C(=O)O)CCN(CC)C(=O)
1776,C(C(=O)O)C(=O)N(CC)
1777,CCCC1OCC1
1778,CCCC1CCOCC1
1779,CCCC1CCC1
1780,CCCC1CCN1
1781,N1OCC1
1782,N1CCOCC1
1783,N1CCC1
1784,N1CCN1
1785,C(C)C(C)=O
1786,C(C)(O)
1787,C(C)c1ccc([N+](=O)[O-])cc1
1788,C(C)CN
1789,C(C)CCOC(=O)
1790,C(C)OCO
1791,C(C)CO
1792,C(C)S(=O)(=O)
1793,C(C)c2ccccc2
1794,C(C)OCCOCC
1795,C(C)OC(=O)
1796,C(C)/N
1797,C(C)=N
1798,C(C)CCN(CC)C(=O)
1799,C(C)C(=O)N(CC)
1800,OCC1CCOCC1
1801,OCC1CCC1
1802,OCC1CCN1
1803,CCOCC1CCC1
1804,CCOCC1CCN1
1805,C1CCC1
1806,C1CCN1
1807,c2cccc(n2)
1808,CCC1CCN1
1809,CN2cc2
1810,N(CS(=O)(=O)O)
1811,N(Cc2ccccc2)
1812,N(CC)
1813,N(CC)O
1814,N(CCC)
1815,[N+](S(=O)(=O)O)
1816,[N+](c2ccccc2)
1817,[N+](C)
1818,[N+](C)O
1819,[N+](CC)
1820,c1cnc1
1821,c1cnc1O
1822,c1cnccc1O
1823,Cc1cnc1
1824,Cc1cnc1O
1825,Cc1cnccc1O
1826,CCC(NS(=O)(=O)O)
1827,CCC(Nc2ccccc2)
1828,CCC(NC)
1829,CCC(NC)O
1830,CCC(NCC)
1831,c1ccc(O)c(O)c1
1832,c1ccc(O)c(O)c1O
1833,c1ccc(O)c(O)ccc1O
1834,c1CCN1
1835,c1ccc1O
1836,c1ccc([N+](=O)[O-])cc1CN
1837,c1ccc([N+](=O)[O-])cc1CCOC(=O)
1838,c1ccc([N+](=O)[O-])cc1OCO
1839,c1ccc([N+](=O)[O-])cc1CO
1840,c1ccc([N+](=O)[O-])cc1S(=O)(=O)
1841,c1ccc([N+](=O)[O-])cc1c2ccccc2
1842,c1ccc([N+](=O)[O-])cc1OCCOCC
1843,c1ccc([N+](=O)[O-])cc1OC(=O)
1844,c1ccc([N+](=O)[O-])cc1/N
1845,c1ccc([N+](=O)[O-])cc1CCN(CC)C(=O)
1846,c1ccc([N+](=O)[O-])cc1C(=O)N(CC)
1847,CNCCOC(=O)
1848,CNOCO
1849,CNCO
1850,CNS(=O)(=O)
1851,CNc2ccccc2
1852,CNOCCOCC
1853,CNOC(=O)
1854,CN/N
1855,CN=N
1856,CNCCN(CC)C(=O)
1857,CNC(=O)N(CC)
1858,C=CCOC(=O)
1859,C=CO
1860,C=S(=O)(=O)
1861,C=CCN(CC)C(=O)
1862,CCOC(=O)OCO
1863,CCOC(=O)CO
1864,CCOC(=O)S(=O)(=O)
1865,CCOC(=O)c2ccccc2
1866,CCOC(=O)OCCOCC
1867,CCOC(=O)OC(=O)
1868,CCOC(=O)/N
1869,CCOC(=O)CCN(CC)C(=O)
1870,CCOC(=O)C(=O)N(CC)
1871,OCOCO
1872,OCOS(=O)(=O)
1873,OCOc2ccccc2
1874,OCOOCCOCC
1875,OCOOC(=O)
1876,OCO/N
1877,OCOCCN(CC)C(=O)
1878,OCOC(=O)N(CC)
1879,COS(=O)(=O)
1880,COc2ccccc2
1881,COOCCOCC
1882,COOC(=O)
1883,CO/N
1884,COCCN(CC)C(=O)
1885,COC(=O)N(CC)
1886,c1cc(Cl)cc(O)c1
1887,S(=O)(=O)c2ccccc2
1888,S(=O)(=O)OCCOCC
1889,S(=O)(=O)OC(=O)
1890,S(=O)(=O)/N
1891,S(=O)(=O)=N
1892,S(=O)(=O)CCN(CC)C(=O)
1893,S(=O)(=O)C(=O)N(CC)
1894,c1Occc1O
1895,c2ccccc2OCCOCC
1896,c2ccccc2OC(=O)
1897,c2ccccc2/N
1898,c2ccccc2CCN(CC)C(=O)
1899,c2ccccc2C(=O)N(CC)
1900,OCCOCCOC(=O)
1901,OCCOCC/N
1902,OCCOCC=N
1903,OCCOCCCCN(CC)C(=O)
1904,OCCOCCC(=O)N(CC)
1905,OC(=O)/N
1906,OC(=O)CCN(CC)C(=O)
1907,OC(=O)C(=O)N(CC)
1908,CCN(CC)C(=O)C(=O)N(CC)
